{"cameraMode":{"drawMode":0,"name":"Shaded","section":"Shading Mode"},"sceneLighting":true,"audioPlay":false,"sceneViewState":{"m_AlwaysRefresh":false,"showFog":true,"showSkybox":true,"showFlares":true,"showImageEffects":true,"showParticleSystems":true,"showVisualEffectGraphs":true,"m_FxEnabled":true},"in2DMode":false,"pivot":{"x":2.692474603652954,"y":-1.8123602867126465,"z":3.1353988647460939},"rotation":{"x":-0.31716108322143557,"y":-0.09170766174793244,"z":0.030832527205348016,"w":-0.9434325695037842},"size":4.169308662414551,"orthographic":false}